{
    "timestamp": "2025-10-27 16:57:01",
    "model_type": "dual",
    "hyperparameters": {
        "batch_size": 16,
        "epochs": 1,
        "learning_rate": 0.0001,
        "total_params": 24968262,
        "trainable_params": 24968262
    },
    "best_val_accuracy": 0.9573575672841663,
    "test_results": {
        "accuracy": 0.9472581208522529,
        "precision": 0.95926243567753,
        "recall": 0.9755778456170955,
        "f1_score": 0.9673513513513513,
        "roc_auc": 0.9854767752350785
    },
    "training_history": {
        "train_loss": [
            0.2704270475884219
        ],
        "train_acc": [
            0.8795956570572819
        ],
        "val_loss": [
            0.11621309967987455
        ],
        "val_acc": [
            0.9573575672841663
        ],
        "val_f1": [
            0.9735243055555556
        ]
    }
}